phase,model,horizon,n_features,n_train,n_test,train_time_sec,train_r2,train_mae_bps,train_rmse_bps,train_direction_acc_all,train_direction_acc_nonzero,train_correlation,train_pct_zeros,test_r2,test_mae_bps,test_rmse_bps,test_direction_acc_all,test_direction_acc_nonzero,test_correlation,test_pct_zeros
phase1_linear,LinearRegression,return_200ms,30,9376930,2344233,13.336413860321045,0.007973245741806356,0.34749072113253987,0.7229038592582195,0.30275132692683,0.5707326801624577,0.0892930329970183,0.4695391775346515,0.009888790625828814,0.3455348992667967,0.67360279542329,0.3251775740722019,0.571922890510467,0.1005031267474549,0.4314310906808325
phase1_linear,Ridge,return_200ms,30,9376930,2344233,6.312057971954346,0.00797324574180569,0.3474907188186741,0.7229038592582198,0.30275132692683,0.5707326801624577,0.08929303299701351,0.4695391775346515,0.009888790669013048,0.3455348971420516,0.6736027954086002,0.3251775740722019,0.571922890510467,0.10050312840219303,0.4314310906808325
phase1_linear,Lasso,return_200ms,30,9376930,2344233,13.917602062225342,0.005761915259861805,0.34290420577447717,0.7237091245771148,0.3017930175441216,0.5689261200130115,0.07889859052173823,0.4695391775346515,0.007378144868351866,0.34125807322439733,0.6744562890777305,0.3250035299392168,0.5716167813825629,0.09251246781643731,0.4314310906808325
