phase,model,horizon,n_features,n_train,n_test,train_time_sec,max_iter_requested,n_iter_actual,max_depth,learning_rate,max_bins,baseline_r2,improvement_over_baseline,train_r2,train_mae_bps,train_rmse_bps,train_direction_acc_all,train_direction_acc_nonzero,train_correlation,train_pct_zeros,train_directional_accuracy,val_r2,val_mae_bps,val_rmse_bps,val_direction_acc_all,val_direction_acc_nonzero,val_correlation,val_pct_zeros,val_directional_accuracy,test_r2,test_mae_bps,test_rmse_bps,test_direction_acc_all,test_direction_acc_nonzero,test_correlation,test_pct_zeros,test_directional_accuracy
phase3_gradientboosting,GB_Fast,return_200ms,14,8204781,2344225,3.1947712898254395,100,10,4,0.1,255,0.007553360452569,-0.0009350044251516618,0.0052421574462799825,0.3436542060503568,0.7306410682643462,0.30381980945012427,0.5690928006344828,0.08127963304296269,0.4661330997134476,30.381980945012426,0.005663971288632275,0.3195800791361282,0.6740600214749871,0.2912923775990499,0.5749729713344582,0.08575352649135225,0.49338074636275914,29.129237759904992,0.006618356027417338,0.33984739341033293,0.6747151427614305,0.3255515148929817,0.5725820609971115,0.09412688073456506,0.4314325630005652,32.55515148929817
phase3_gradientboosting,GB_Balanced,return_200ms,14,8204781,2344225,3.7663941383361816,200,15,6,0.1,255,0.007553360452569,0.00012255176995395155,0.009192155041993888,0.3454600771191338,0.7291890057554296,0.304108299782773,0.5696331793927348,0.10685695551081589,0.4661330997134476,30.4108299782773,0.006809685683921041,0.32139046030578855,0.6736715698655589,0.2912727548841364,0.5749342386673268,0.08690765084987433,0.49338074636275914,29.12727548841364,0.0076759122225229515,0.3414938178946255,0.6743558955395105,0.32540135865797865,0.5723179652624076,0.09295098280697237,0.4314325630005652,32.540135865797865
phase3_gradientboosting,GB_Accurate,return_200ms,14,8204781,2344225,4.189332962036133,300,20,8,0.05,255,0.007553360452569,-0.0011963957519033983,0.009375603178289893,0.34335440998813066,0.72912149793483,0.30374363435172735,0.5689501150730516,0.12175751427150294,0.4661330997134476,30.374363435172736,0.005508013130114842,0.31930962430797966,0.6741128813909705,0.2913358888364668,0.5750588568137498,0.08275204389519063,0.49338074636275914,29.133588883646684,0.006356964700665602,0.339682487781811,0.6748039067763019,0.3255225074384925,0.5725310425029073,0.08904567143026718,0.4314325630005652,32.55225074384925
