phase,model,horizon,n_features,n_train,n_test,train_time_sec,train_r2,train_mae_bps,train_rmse_bps,train_direction_acc,train_correlation,test_r2,test_mae_bps,test_rmse_bps,test_direction_acc,test_correlation
phase1_linear,LinearRegression,return_50ms,14,9376893,2344224,4.001899003982544,0.0009090430015349,0.1152808799651983,0.377735309740446,0.122356307147794,0.0301503399903702,0.000737014402078,0.1139509154849993,0.3475209044920176,0.1305067263196691,0.0272803473966037
phase1_linear,Ridge,return_50ms,14,9376893,2344224,1.8573579788208008,0.0009090430015348,0.1152808794494903,0.377735309740446,0.122356307147794,0.030150339990369,0.0007370144262486,0.1139509149743259,0.3475209044878147,0.1305067263196691,0.0272803476642567
phase1_linear,Lasso,return_50ms,14,9376893,2344224,1.4610648155212402,0.0,0.11148696411272926,0.3779071157034557,0.11109031531019924,-3.1199360344366994e-16,-8.328548799507729e-07,0.11028064801864204,0.34764918405064377,0.11881074504825477,-3.553126635063283e-16
