phase,model,horizon,n_features,n_train,n_test,train_time_sec,train_r2,train_mae_bps,train_rmse_bps,train_direction_acc_all,train_direction_acc_nonzero,train_correlation,train_pct_zeros,test_r2,test_mae_bps,test_rmse_bps,test_direction_acc_all,test_direction_acc_nonzero,test_correlation,test_pct_zeros
phase1_linear,LinearRegression,return_200ms,28,9376893,2344224,12.779376983642578,0.007230396243630088,0.34734273407039157,0.7231033821392475,0.3031255662190024,0.571438106582631,0.08503173668478574,0.469539110662775,0.00856843595490564,0.3453297407141142,0.6740527040744186,0.3253311117026359,0.5721941703867652,0.09383355243186979,0.43143232046084334
phase1_linear,Ridge,return_200ms,28,9376893,2344224,6.58111310005188,0.00722997147829374,0.3473421671496841,0.7231035368323493,0.30312705925086275,0.5714409211762991,0.08502923896104363,0.469539110662775,0.008566484430120536,0.345329312322669,0.6740533674736682,0.3253264193182904,0.5721859173950558,0.09382356408236613,0.43143232046084334
phase1_linear,Lasso,return_200ms,28,9376893,2344224,6.608175754547119,0.005483335761288677,0.34330147053484733,0.7237393555015634,0.3022527824515007,0.569792775541181,0.077158726082663,0.469539110662775,0.0071002623405898024,0.34155504417201665,0.6745516090551451,0.3254113088169049,0.5723352215178003,0.0913479932634733,0.43143232046084334
