phase,model,horizon,n_features,n_train,n_test,train_time_sec,n_estimators,max_depth,learning_rate,baseline_r2,improvement_over_baseline,train_r2,train_mae_bps,train_rmse_bps,train_direction_acc_all,train_direction_acc_nonzero,train_correlation,train_pct_zeros,train_directional_accuracy,val_r2,val_mae_bps,val_rmse_bps,val_direction_acc_all,val_direction_acc_nonzero,val_correlation,val_pct_zeros,val_directional_accuracy,test_r2,test_mae_bps,test_rmse_bps,test_direction_acc_all,test_direction_acc_nonzero,test_correlation,test_pct_zeros,test_directional_accuracy
phase4_xgboost,XGB_Fast,return_200ms,30,8204814,2344233,10.227226972579956,93,4,0.1,0.0098887906258288,0.0036226286704358485,0.018313884735107422,0.3490557355689816,0.7259048942690203,0.30491611388143597,0.5711452240458217,0.14182359447220427,0.4661320780702646,30.491611388143596,0.012227654457092285,0.3237361670471728,0.6718296559688196,0.29266215971798015,0.5776860158266912,0.11440404479174696,0.49338887959894756,29.266215971798015,0.013511419296264648,0.34417680581100285,0.6723693889383383,0.3260516339459431,0.5734601885572207,0.11914686778780238,0.4314310906808325,32.605163394594314
phase4_xgboost,XGB_Balanced,return_200ms,30,8204814,2344233,9.114595890045166,49,6,0.1,0.0098887906258288,0.00157741449425787,0.030427217483520508,0.34853546821977943,0.7214124455430894,0.30521484094581547,0.5717047764221842,0.19443079617526082,0.4661320780702646,30.521484094581545,0.011397778987884521,0.32362135243602097,0.6721118168991477,0.29306229076303025,0.5784758347409175,0.10756309297130641,0.49338887959894756,29.306229076303026,0.01146620512008667,0.3442005254328251,0.6730660037906409,0.3262371957053757,0.5737865549068243,0.1071107248301111,0.4314310906808325,32.62371957053757
phase4_xgboost,XGB_Accurate,return_200ms,30,8204814,2344233,13.565679788589478,78,8,0.05,0.0098887906258288,0.000299192887049618,0.05860084295272827,0.3478646249277517,0.710853831026993,0.3055425753709956,0.5723186631378263,0.291501593021146,0.4661320780702646,30.55425753709956,0.009607791900634766,0.32367355743190274,0.6727200145098816,0.2928148749782445,0.5779874605722061,0.09820394026529619,0.49338887959894756,29.28148749782445,0.010187983512878418,0.3444389221840538,0.6735010345466562,0.3263493859185499,0.5739838752515272,0.10182668181400416,0.4314310906808325,32.63493859185499
