phase,model,horizon,n_features,n_train,n_test,train_time_sec,train_r2,train_mae_bps,train_rmse_bps,train_direction_acc_all,train_direction_acc_nonzero,train_correlation,train_pct_zeros,test_r2,test_mae_bps,test_rmse_bps,test_direction_acc_all,test_direction_acc_nonzero,test_correlation,test_pct_zeros
phase1_linear,LinearRegression,return_200ms,14,9376893,2344224,5.026367902755737,0.006055598806039675,0.3472940511322126,0.7235310991196593,0.3015912626922372,0.568545709503777,0.07781772809611186,0.469539110662775,0.007553360452569047,0.3451632609705205,0.6743976796474502,0.32333087623025786,0.5686761451025997,0.08893368345417196,0.43143232046084334
phase1_linear,Ridge,return_200ms,14,9376893,2344224,1.7211759090423584,0.006055598806039342,0.3472940494888431,0.7235310991196594,0.3015912626922372,0.568545709503777,0.07781772809610879,0.469539110662775,0.007553360296277067,0.345163259563937,0.6743976797005529,0.32333087623025786,0.5686761451025997,0.08893368329618877,0.43143232046084334
phase1_linear,Lasso,return_200ms,14,9376893,2344224,2.066908836364746,0.0052711636766228365,0.34335618355070546,0.7238165533526177,0.3018503037200062,0.5690340415052045,0.07538342761837764,0.469539110662775,0.0068876259678414264,0.34155696629057214,0.6746238351437447,0.3250487154811144,0.5716974903402483,0.08979130167487326,0.43143232046084334
