phase,model,horizon,n_features,n_train,n_test,train_time_sec,max_iter_requested,n_iter_actual,max_depth,learning_rate,max_bins,baseline_r2,improvement_over_baseline,train_r2,train_mae_bps,train_rmse_bps,train_direction_acc_all,train_direction_acc_nonzero,train_correlation,train_pct_zeros,train_directional_accuracy,val_r2,val_mae_bps,val_rmse_bps,val_direction_acc_all,val_direction_acc_nonzero,val_correlation,val_pct_zeros,val_directional_accuracy,test_r2,test_mae_bps,test_rmse_bps,test_direction_acc_all,test_direction_acc_nonzero,test_correlation,test_pct_zeros,test_directional_accuracy
phase3_gradientboosting,GB_Fast,return_200ms,28,8204781,2344225,7.071432828903198,100,10,4,0.1,255,0.0085684359549056,-0.000170244723475892,0.008466759518778288,0.34337739579182963,0.7294558857887095,0.3044612647187049,0.5702943272101823,0.10854598362175631,0.4661330997134476,30.44612647187049,0.006026058127441725,0.31904228160914533,0.6739372810337942,0.29145703777201987,0.5752979889325613,0.0849473038338423,0.49338074636275914,29.145703777201987,0.008398191231429708,0.33951284995749575,0.6741104304857314,0.32569441926436243,0.5728334021082643,0.10630152993789839,0.4314325630005652,32.56944192643624
phase3_gradientboosting,GB_Balanced,return_200ms,28,8204781,2344225,7.354821681976318,200,15,6,0.1,255,0.0085684359549056,0.002126035955450396,0.01859889846660978,0.345233944548925,0.7257192854541724,0.3053400206538115,0.571940347846852,0.163467479014202,0.4661330997134476,30.53400206538115,0.0064069920138529746,0.32095682714576973,0.6738081276734048,0.2923008145133012,0.5769634936192141,0.0802808545997089,0.49338074636275914,29.23008145133012,0.010694471910355996,0.3411676779174057,0.6733294496834725,0.3265868250701191,0.5744029710770154,0.11036484016542535,0.4314325630005652,32.65868250701191
phase3_gradientboosting,GB_Accurate,return_200ms,28,8204781,2344225,8.536595106124878,300,20,8,0.05,255,0.0085684359549056,-0.0004044997316326616,0.017831064605905445,0.3429531693792938,0.7260031260214869,0.30433280303276833,0.5700537022793847,0.17694810441974942,0.4661330997134476,30.43328030327683,0.004950861759711711,0.31886745024443025,0.674301686495227,0.29149884268640086,0.5753805063538414,0.07145391868396904,0.49338074636275914,29.149884268640086,0.008163936223272938,0.33931786109626916,0.6741900513666895,0.32545553434503943,0.5724132498030536,0.09815160041099132,0.4314325630005652,32.545553434503944
